<application>
  <component name="ProjectJdkTable">
    <jdk version="2">
      <name value="Kotlin SDK" />
      <type value="KotlinSDK" />
      <homePath value="$KOTLIN_BUNDLED$" />
      <roots>
        <annotationsPath>
          <root type="composite" />
        </annotationsPath>
        <classPath>
          <root type="composite" />
        </classPath>
        <javadocPath>
          <root type="composite" />
        </javadocPath>
        <sourcePath>
          <root type="composite" />
        </sourcePath>
      </roots>
      <additional />
    </jdk>
    <jdk version="2">
      <name value="Android API 30 Platform" />
      <type value="Android SDK" />
      <version value="java version &quot;1.8.0_242&quot;" />
      <homePath value="$USER_HOME$/AppData/Local/Android/Sdk" />
      <roots>
        <annotationsPath>
          <root type="composite">
            <root url="jar://$USER_HOME$/AppData/Local/Android/Sdk/platforms/android-30/data/annotations.zip!/" type="simple" />
          </root>
        </annotationsPath>
        <classPath>
          <root type="composite">
            <root url="jar://$USER_HOME$/AppData/Local/Android/Sdk/platforms/android-30/android.jar!/" type="simple" />
            <root url="file://$USER_HOME$/AppData/Local/Android/Sdk/platforms/android-30/data/res" type="simple" />
          </root>
        </classPath>
        <javadocPath>
          <root type="composite" />
        </javadocPath>
        <sourcePath>
          <root type="composite">
            <root url="file://$USER_HOME$/AppData/Local/Android/Sdk/sources/android-30" type="simple" />
          </root>
        </sourcePath>
      </roots>
      <additional jdk="1.8" sdk="android-30" />
    </jdk>
    <jdk version="2">
      <name value="1.8" />
      <type value="JavaSDK" />
      <version value="java version &quot;1.8.0_242&quot;" />
      <homePath value="$APPLICATION_HOME_DIR$/jre" />
      <roots>
        <annotationsPath>
          <root type="composite">
            <root url="jar://$APPLICATION_HOME_DIR$/plugins/java/lib/jdkAnnotations.jar!/" type="simple" />
          </root>
        </annotationsPath>
        <classPath>
          <root type="composite">
            <root url="jar://$APPLICATION_HOME_DIR$/jre/jre/lib/charsets.jar!/" type="simple" />
            <root url="jar://$APPLICATION_HOME_DIR$/jre/jre/lib/ext/access-bridge-64.jar!/" type="simple" />
            <root url="jar://$APPLICATION_HOME_DIR$/jre/jre/lib/ext/cldrdata.jar!/" type="simple" />
            <root url="jar://$APPLICATION_HOME_DIR$/jre/jre/lib/ext/dnsns.jar!/" type="simple" />
            <root url="jar://$APPLICATION_HOME_DIR$/jre/jre/lib/ext/jaccess.jar!/" type="simple" />
            <root url="jar://$APPLICATION_HOME_DIR$/jre/jre/lib/ext/localedata.jar!/" type="simple" />
            <root url="jar://$APPLICATION_HOME_DIR$/jre/jre/lib/ext/nashorn.jar!/" type="simple" />
            <root url="jar://$APPLICATION_HOME_DIR$/jre/jre/lib/ext/sunec.jar!/" type="simple" />
            <root url="jar://$APPLICATION_HOME_DIR$/jre/jre/lib/ext/sunjce_provider.jar!/" type="simple" />
            <root url="jar://$APPLICATION_HOME_DIR$/jre/jre/lib/ext/sunmscapi.jar!/" type="simple" />
            <root url="jar://$APPLICATION_HOME_DIR$/jre/jre/lib/ext/sunpkcs11.jar!/" type="simple" />
            <root url="jar://$APPLICATION_HOME_DIR$/jre/jre/lib/ext/zipfs.jar!/" type="simple" />
            <root url="jar://$APPLICATION_HOME_DIR$/jre/jre/lib/jce.jar!/" type="simple" />
            <root url="jar://$APPLICATION_HOME_DIR$/jre/jre/lib/jsse.jar!/" type="simple" />
            <root url="jar://$APPLICATION_HOME_DIR$/jre/jre/lib/management-agent.jar!/" type="simple" />
            <root url="jar://$APPLICATION_HOME_DIR$/jre/jre/lib/resources.jar!/" type="simple" />
            <root url="jar://$APPLICATION_HOME_DIR$/jre/jre/lib/rt.jar!/" type="simple" />
          </root>
        </classPath>
        <javadocPath>
          <root type="composite">
            <root url="https://docs.oracle.com/javase/8/docs/api/" type="simple" />
          </root>
        </javadocPath>
        <sourcePath>
          <root type="composite" />
        </sourcePath>
      </roots>
      <additional />
    </jdk>
    <jdk version="2">
      <name value="Android API 28 Platform" />
      <type value="Android SDK" />
      <version value="java version &quot;1.8.0_242&quot;" />
      <homePath value="$USER_HOME$/AppData/Local/Android/Sdk" />
      <roots>
        <annotationsPath>
          <root type="composite">
            <root url="jar://$USER_HOME$/AppData/Local/Android/Sdk/platforms/android-28/data/annotations.zip!/" type="simple" />
          </root>
        </annotationsPath>
        <classPath>
          <root type="composite">
            <root url="jar://$USER_HOME$/AppData/Local/Android/Sdk/platforms/android-28/android.jar!/" type="simple" />
            <root url="file://$USER_HOME$/AppData/Local/Android/Sdk/platforms/android-28/data/res" type="simple" />
          </root>
        </classPath>
        <javadocPath>
          <root type="composite" />
        </javadocPath>
        <sourcePath>
          <root type="composite">
            <root url="file://$USER_HOME$/AppData/Local/Android/Sdk/sources/android-28" type="simple" />
          </root>
        </sourcePath>
      </roots>
      <additional jdk="1.8" sdk="android-28" />
    </jdk>
    <jdk version="2">
      <name value="11" />
      <type value="JavaSDK" />
      <version value="java version &quot;11.0.10&quot;" />
      <homePath value="$APPLICATION_HOME_DIR$/jre" />
      <roots>
        <annotationsPath>
          <root type="composite">
            <root url="jar://$APPLICATION_HOME_DIR$/plugins/java/lib/jdkAnnotations.jar!/" type="simple" />
          </root>
        </annotationsPath>
        <classPath>
          <root type="composite">
            <root url="jrt://C:/Program Files/Android/android-studio/jre!/java.base" type="simple" />
            <root url="jrt://C:/Program Files/Android/android-studio/jre!/java.compiler" type="simple" />
            <root url="jrt://C:/Program Files/Android/android-studio/jre!/java.datatransfer" type="simple" />
            <root url="jrt://C:/Program Files/Android/android-studio/jre!/java.desktop" type="simple" />
            <root url="jrt://C:/Program Files/Android/android-studio/jre!/java.instrument" type="simple" />
            <root url="jrt://C:/Program Files/Android/android-studio/jre!/java.logging" type="simple" />
            <root url="jrt://C:/Program Files/Android/android-studio/jre!/java.management" type="simple" />
            <root url="jrt://C:/Program Files/Android/android-studio/jre!/java.management.rmi" type="simple" />
            <root url="jrt://C:/Program Files/Android/android-studio/jre!/java.naming" type="simple" />
            <root url="jrt://C:/Program Files/Android/android-studio/jre!/java.net.http" type="simple" />
            <root url="jrt://C:/Program Files/Android/android-studio/jre!/java.prefs" type="simple" />
            <root url="jrt://C:/Program Files/Android/android-studio/jre!/java.rmi" type="simple" />
            <root url="jrt://C:/Program Files/Android/android-studio/jre!/java.scripting" type="simple" />
            <root url="jrt://C:/Program Files/Android/android-studio/jre!/java.se" type="simple" />
            <root url="jrt://C:/Program Files/Android/android-studio/jre!/java.security.jgss" type="simple" />
            <root url="jrt://C:/Program Files/Android/android-studio/jre!/java.security.sasl" type="simple" />
            <root url="jrt://C:/Program Files/Android/android-studio/jre!/java.smartcardio" type="simple" />
            <root url="jrt://C:/Program Files/Android/android-studio/jre!/java.sql" type="simple" />
            <root url="jrt://C:/Program Files/Android/android-studio/jre!/java.sql.rowset" type="simple" />
            <root url="jrt://C:/Program Files/Android/android-studio/jre!/java.transaction.xa" type="simple" />
            <root url="jrt://C:/Program Files/Android/android-studio/jre!/java.xml" type="simple" />
            <root url="jrt://C:/Program Files/Android/android-studio/jre!/java.xml.crypto" type="simple" />
            <root url="jrt://C:/Program Files/Android/android-studio/jre!/jdk.accessibility" type="simple" />
            <root url="jrt://C:/Program Files/Android/android-studio/jre!/jdk.aot" type="simple" />
            <root url="jrt://C:/Program Files/Android/android-studio/jre!/jdk.attach" type="simple" />
            <root url="jrt://C:/Program Files/Android/android-studio/jre!/jdk.charsets" type="simple" />
            <root url="jrt://C:/Program Files/Android/android-studio/jre!/jdk.compiler" type="simple" />
            <root url="jrt://C:/Program Files/Android/android-studio/jre!/jdk.crypto.cryptoki" type="simple" />
            <root url="jrt://C:/Program Files/Android/android-studio/jre!/jdk.crypto.ec" type="simple" />
            <root url="jrt://C:/Program Files/Android/android-studio/jre!/jdk.dynalink" type="simple" />
            <root url="jrt://C:/Program Files/Android/android-studio/jre!/jdk.hotspot.agent" type="simple" />
            <root url="jrt://C:/Program Files/Android/android-studio/jre!/jdk.httpserver" type="simple" />
            <root url="jrt://C:/Program Files/Android/android-studio/jre!/jdk.internal.ed" type="simple" />
            <root url="jrt://C:/Program Files/Android/android-studio/jre!/jdk.internal.jvmstat" type="simple" />
            <root url="jrt://C:/Program Files/Android/android-studio/jre!/jdk.internal.le" type="simple" />
            <root url="jrt://C:/Program Files/Android/android-studio/jre!/jdk.internal.opt" type="simple" />
            <root url="jrt://C:/Program Files/Android/android-studio/jre!/jdk.internal.vm.ci" type="simple" />
            <root url="jrt://C:/Program Files/Android/android-studio/jre!/jdk.internal.vm.compiler" type="simple" />
            <root url="jrt://C:/Program Files/Android/android-studio/jre!/jdk.internal.vm.compiler.management" type="simple" />
            <root url="jrt://C:/Program Files/Android/android-studio/jre!/jdk.javadoc" type="simple" />
            <root url="jrt://C:/Program Files/Android/android-studio/jre!/jdk.jdeps" type="simple" />
            <root url="jrt://C:/Program Files/Android/android-studio/jre!/jdk.jdi" type="simple" />
            <root url="jrt://C:/Program Files/Android/android-studio/jre!/jdk.jdwp.agent" type="simple" />
            <root url="jrt://C:/Program Files/Android/android-studio/jre!/jdk.jfr" type="simple" />
            <root url="jrt://C:/Program Files/Android/android-studio/jre!/jdk.jlink" type="simple" />
            <root url="jrt://C:/Program Files/Android/android-studio/jre!/jdk.jsobject" type="simple" />
            <root url="jrt://C:/Program Files/Android/android-studio/jre!/jdk.localedata" type="simple" />
            <root url="jrt://C:/Program Files/Android/android-studio/jre!/jdk.management" type="simple" />
            <root url="jrt://C:/Program Files/Android/android-studio/jre!/jdk.management.agent" type="simple" />
            <root url="jrt://C:/Program Files/Android/android-studio/jre!/jdk.management.jfr" type="simple" />
            <root url="jrt://C:/Program Files/Android/android-studio/jre!/jdk.naming.dns" type="simple" />
            <root url="jrt://C:/Program Files/Android/android-studio/jre!/jdk.naming.rmi" type="simple" />
            <root url="jrt://C:/Program Files/Android/android-studio/jre!/jdk.net" type="simple" />
            <root url="jrt://C:/Program Files/Android/android-studio/jre!/jdk.pack" type="simple" />
            <root url="jrt://C:/Program Files/Android/android-studio/jre!/jdk.scripting.nashorn" type="simple" />
            <root url="jrt://C:/Program Files/Android/android-studio/jre!/jdk.scripting.nashorn.shell" type="simple" />
            <root url="jrt://C:/Program Files/Android/android-studio/jre!/jdk.sctp" type="simple" />
            <root url="jrt://C:/Program Files/Android/android-studio/jre!/jdk.security.auth" type="simple" />
            <root url="jrt://C:/Program Files/Android/android-studio/jre!/jdk.security.jgss" type="simple" />
            <root url="jrt://C:/Program Files/Android/android-studio/jre!/jdk.unsupported" type="simple" />
            <root url="jrt://C:/Program Files/Android/android-studio/jre!/jdk.xml.dom" type="simple" />
            <root url="jrt://C:/Program Files/Android/android-studio/jre!/jdk.zipfs" type="simple" />
          </root>
        </classPath>
        <javadocPath>
          <root type="composite">
            <root url="https://docs.oracle.com/en/java/javase/11/docs/api/" type="simple" />
          </root>
        </javadocPath>
        <sourcePath>
          <root type="composite" />
        </sourcePath>
      </roots>
      <additional />
    </jdk>
    <jdk version="2">
      <name value="Embedded JDK" />
      <type value="JavaSDK" />
      <version value="version 11.0.10" />
      <homePath value="$APPLICATION_HOME_DIR$/jre" />
      <roots>
        <annotationsPath>
          <root type="composite">
            <root url="jar://$APPLICATION_HOME_DIR$/plugins/java/lib/jdkAnnotations.jar!/" type="simple" />
          </root>
        </annotationsPath>
        <classPath>
          <root type="composite">
            <root url="jrt://C:/Program Files/Android/android-studio/jre!/java.base" type="simple" />
            <root url="jrt://C:/Program Files/Android/android-studio/jre!/java.compiler" type="simple" />
            <root url="jrt://C:/Program Files/Android/android-studio/jre!/java.datatransfer" type="simple" />
            <root url="jrt://C:/Program Files/Android/android-studio/jre!/java.desktop" type="simple" />
            <root url="jrt://C:/Program Files/Android/android-studio/jre!/java.instrument" type="simple" />
            <root url="jrt://C:/Program Files/Android/android-studio/jre!/java.logging" type="simple" />
            <root url="jrt://C:/Program Files/Android/android-studio/jre!/java.management" type="simple" />
            <root url="jrt://C:/Program Files/Android/android-studio/jre!/java.management.rmi" type="simple" />
            <root url="jrt://C:/Program Files/Android/android-studio/jre!/java.naming" type="simple" />
            <root url="jrt://C:/Program Files/Android/android-studio/jre!/java.net.http" type="simple" />
            <root url="jrt://C:/Program Files/Android/android-studio/jre!/java.prefs" type="simple" />
            <root url="jrt://C:/Program Files/Android/android-studio/jre!/java.rmi" type="simple" />
            <root url="jrt://C:/Program Files/Android/android-studio/jre!/java.scripting" type="simple" />
            <root url="jrt://C:/Program Files/Android/android-studio/jre!/java.se" type="simple" />
            <root url="jrt://C:/Program Files/Android/android-studio/jre!/java.security.jgss" type="simple" />
            <root url="jrt://C:/Program Files/Android/android-studio/jre!/java.security.sasl" type="simple" />
            <root url="jrt://C:/Program Files/Android/android-studio/jre!/java.smartcardio" type="simple" />
            <root url="jrt://C:/Program Files/Android/android-studio/jre!/java.sql" type="simple" />
            <root url="jrt://C:/Program Files/Android/android-studio/jre!/java.sql.rowset" type="simple" />
            <root url="jrt://C:/Program Files/Android/android-studio/jre!/java.transaction.xa" type="simple" />
            <root url="jrt://C:/Program Files/Android/android-studio/jre!/java.xml" type="simple" />
            <root url="jrt://C:/Program Files/Android/android-studio/jre!/java.xml.crypto" type="simple" />
            <root url="jrt://C:/Program Files/Android/android-studio/jre!/jdk.accessibility" type="simple" />
            <root url="jrt://C:/Program Files/Android/android-studio/jre!/jdk.aot" type="simple" />
            <root url="jrt://C:/Program Files/Android/android-studio/jre!/jdk.attach" type="simple" />
            <root url="jrt://C:/Program Files/Android/android-studio/jre!/jdk.charsets" type="simple" />
            <root url="jrt://C:/Program Files/Android/android-studio/jre!/jdk.compiler" type="simple" />
            <root url="jrt://C:/Program Files/Android/android-studio/jre!/jdk.crypto.cryptoki" type="simple" />
            <root url="jrt://C:/Program Files/Android/android-studio/jre!/jdk.crypto.ec" type="simple" />
            <root url="jrt://C:/Program Files/Android/android-studio/jre!/jdk.dynalink" type="simple" />
            <root url="jrt://C:/Program Files/Android/android-studio/jre!/jdk.hotspot.agent" type="simple" />
            <root url="jrt://C:/Program Files/Android/android-studio/jre!/jdk.httpserver" type="simple" />
            <root url="jrt://C:/Program Files/Android/android-studio/jre!/jdk.internal.ed" type="simple" />
            <root url="jrt://C:/Program Files/Android/android-studio/jre!/jdk.internal.jvmstat" type="simple" />
            <root url="jrt://C:/Program Files/Android/android-studio/jre!/jdk.internal.le" type="simple" />
            <root url="jrt://C:/Program Files/Android/android-studio/jre!/jdk.internal.opt" type="simple" />
            <root url="jrt://C:/Program Files/Android/android-studio/jre!/jdk.internal.vm.ci" type="simple" />
            <root url="jrt://C:/Program Files/Android/android-studio/jre!/jdk.internal.vm.compiler" type="simple" />
            <root url="jrt://C:/Program Files/Android/android-studio/jre!/jdk.internal.vm.compiler.management" type="simple" />
            <root url="jrt://C:/Program Files/Android/android-studio/jre!/jdk.javadoc" type="simple" />
            <root url="jrt://C:/Program Files/Android/android-studio/jre!/jdk.jdeps" type="simple" />
            <root url="jrt://C:/Program Files/Android/android-studio/jre!/jdk.jdi" type="simple" />
            <root url="jrt://C:/Program Files/Android/android-studio/jre!/jdk.jdwp.agent" type="simple" />
            <root url="jrt://C:/Program Files/Android/android-studio/jre!/jdk.jfr" type="simple" />
            <root url="jrt://C:/Program Files/Android/android-studio/jre!/jdk.jlink" type="simple" />
            <root url="jrt://C:/Program Files/Android/android-studio/jre!/jdk.jsobject" type="simple" />
            <root url="jrt://C:/Program Files/Android/android-studio/jre!/jdk.localedata" type="simple" />
            <root url="jrt://C:/Program Files/Android/android-studio/jre!/jdk.management" type="simple" />
            <root url="jrt://C:/Program Files/Android/android-studio/jre!/jdk.management.agent" type="simple" />
            <root url="jrt://C:/Program Files/Android/android-studio/jre!/jdk.management.jfr" type="simple" />
            <root url="jrt://C:/Program Files/Android/android-studio/jre!/jdk.naming.dns" type="simple" />
            <root url="jrt://C:/Program Files/Android/android-studio/jre!/jdk.naming.rmi" type="simple" />
            <root url="jrt://C:/Program Files/Android/android-studio/jre!/jdk.net" type="simple" />
            <root url="jrt://C:/Program Files/Android/android-studio/jre!/jdk.pack" type="simple" />
            <root url="jrt://C:/Program Files/Android/android-studio/jre!/jdk.scripting.nashorn" type="simple" />
            <root url="jrt://C:/Program Files/Android/android-studio/jre!/jdk.scripting.nashorn.shell" type="simple" />
            <root url="jrt://C:/Program Files/Android/android-studio/jre!/jdk.sctp" type="simple" />
            <root url="jrt://C:/Program Files/Android/android-studio/jre!/jdk.security.auth" type="simple" />
            <root url="jrt://C:/Program Files/Android/android-studio/jre!/jdk.security.jgss" type="simple" />
            <root url="jrt://C:/Program Files/Android/android-studio/jre!/jdk.unsupported" type="simple" />
            <root url="jrt://C:/Program Files/Android/android-studio/jre!/jdk.xml.dom" type="simple" />
            <root url="jrt://C:/Program Files/Android/android-studio/jre!/jdk.zipfs" type="simple" />
          </root>
        </classPath>
        <javadocPath>
          <root type="composite" />
        </javadocPath>
        <sourcePath>
          <root type="composite" />
        </sourcePath>
      </roots>
      <additional />
    </jdk>
    <jdk version="2">
      <name value="Android Studio java home" />
      <type value="JavaSDK" />
      <version value="version 11.0.10" />
      <homePath value="$APPLICATION_HOME_DIR$/jre" />
      <roots>
        <annotationsPath>
          <root type="composite">
            <root url="jar://$APPLICATION_HOME_DIR$/plugins/java/lib/jdkAnnotations.jar!/" type="simple" />
          </root>
        </annotationsPath>
        <classPath>
          <root type="composite">
            <root url="jrt://C:/Program Files/Android/android-studio/jre!/java.base" type="simple" />
            <root url="jrt://C:/Program Files/Android/android-studio/jre!/java.compiler" type="simple" />
            <root url="jrt://C:/Program Files/Android/android-studio/jre!/java.datatransfer" type="simple" />
            <root url="jrt://C:/Program Files/Android/android-studio/jre!/java.desktop" type="simple" />
            <root url="jrt://C:/Program Files/Android/android-studio/jre!/java.instrument" type="simple" />
            <root url="jrt://C:/Program Files/Android/android-studio/jre!/java.logging" type="simple" />
            <root url="jrt://C:/Program Files/Android/android-studio/jre!/java.management" type="simple" />
            <root url="jrt://C:/Program Files/Android/android-studio/jre!/java.management.rmi" type="simple" />
            <root url="jrt://C:/Program Files/Android/android-studio/jre!/java.naming" type="simple" />
            <root url="jrt://C:/Program Files/Android/android-studio/jre!/java.net.http" type="simple" />
            <root url="jrt://C:/Program Files/Android/android-studio/jre!/java.prefs" type="simple" />
            <root url="jrt://C:/Program Files/Android/android-studio/jre!/java.rmi" type="simple" />
            <root url="jrt://C:/Program Files/Android/android-studio/jre!/java.scripting" type="simple" />
            <root url="jrt://C:/Program Files/Android/android-studio/jre!/java.se" type="simple" />
            <root url="jrt://C:/Program Files/Android/android-studio/jre!/java.security.jgss" type="simple" />
            <root url="jrt://C:/Program Files/Android/android-studio/jre!/java.security.sasl" type="simple" />
            <root url="jrt://C:/Program Files/Android/android-studio/jre!/java.smartcardio" type="simple" />
            <root url="jrt://C:/Program Files/Android/android-studio/jre!/java.sql" type="simple" />
            <root url="jrt://C:/Program Files/Android/android-studio/jre!/java.sql.rowset" type="simple" />
            <root url="jrt://C:/Program Files/Android/android-studio/jre!/java.transaction.xa" type="simple" />
            <root url="jrt://C:/Program Files/Android/android-studio/jre!/java.xml" type="simple" />
            <root url="jrt://C:/Program Files/Android/android-studio/jre!/java.xml.crypto" type="simple" />
            <root url="jrt://C:/Program Files/Android/android-studio/jre!/jdk.accessibility" type="simple" />
            <root url="jrt://C:/Program Files/Android/android-studio/jre!/jdk.aot" type="simple" />
            <root url="jrt://C:/Program Files/Android/android-studio/jre!/jdk.attach" type="simple" />
            <root url="jrt://C:/Program Files/Android/android-studio/jre!/jdk.charsets" type="simple" />
            <root url="jrt://C:/Program Files/Android/android-studio/jre!/jdk.compiler" type="simple" />
            <root url="jrt://C:/Program Files/Android/android-studio/jre!/jdk.crypto.cryptoki" type="simple" />
            <root url="jrt://C:/Program Files/Android/android-studio/jre!/jdk.crypto.ec" type="simple" />
            <root url="jrt://C:/Program Files/Android/android-studio/jre!/jdk.dynalink" type="simple" />
            <root url="jrt://C:/Program Files/Android/android-studio/jre!/jdk.hotspot.agent" type="simple" />
            <root url="jrt://C:/Program Files/Android/android-studio/jre!/jdk.httpserver" type="simple" />
            <root url="jrt://C:/Program Files/Android/android-studio/jre!/jdk.internal.ed" type="simple" />
            <root url="jrt://C:/Program Files/Android/android-studio/jre!/jdk.internal.jvmstat" type="simple" />
            <root url="jrt://C:/Program Files/Android/android-studio/jre!/jdk.internal.le" type="simple" />
            <root url="jrt://C:/Program Files/Android/android-studio/jre!/jdk.internal.opt" type="simple" />
            <root url="jrt://C:/Program Files/Android/android-studio/jre!/jdk.internal.vm.ci" type="simple" />
            <root url="jrt://C:/Program Files/Android/android-studio/jre!/jdk.internal.vm.compiler" type="simple" />
            <root url="jrt://C:/Program Files/Android/android-studio/jre!/jdk.internal.vm.compiler.management" type="simple" />
            <root url="jrt://C:/Program Files/Android/android-studio/jre!/jdk.javadoc" type="simple" />
            <root url="jrt://C:/Program Files/Android/android-studio/jre!/jdk.jdeps" type="simple" />
            <root url="jrt://C:/Program Files/Android/android-studio/jre!/jdk.jdi" type="simple" />
            <root url="jrt://C:/Program Files/Android/android-studio/jre!/jdk.jdwp.agent" type="simple" />
            <root url="jrt://C:/Program Files/Android/android-studio/jre!/jdk.jfr" type="simple" />
            <root url="jrt://C:/Program Files/Android/android-studio/jre!/jdk.jlink" type="simple" />
            <root url="jrt://C:/Program Files/Android/android-studio/jre!/jdk.jsobject" type="simple" />
            <root url="jrt://C:/Program Files/Android/android-studio/jre!/jdk.localedata" type="simple" />
            <root url="jrt://C:/Program Files/Android/android-studio/jre!/jdk.management" type="simple" />
            <root url="jrt://C:/Program Files/Android/android-studio/jre!/jdk.management.agent" type="simple" />
            <root url="jrt://C:/Program Files/Android/android-studio/jre!/jdk.management.jfr" type="simple" />
            <root url="jrt://C:/Program Files/Android/android-studio/jre!/jdk.naming.dns" type="simple" />
            <root url="jrt://C:/Program Files/Android/android-studio/jre!/jdk.naming.rmi" type="simple" />
            <root url="jrt://C:/Program Files/Android/android-studio/jre!/jdk.net" type="simple" />
            <root url="jrt://C:/Program Files/Android/android-studio/jre!/jdk.pack" type="simple" />
            <root url="jrt://C:/Program Files/Android/android-studio/jre!/jdk.scripting.nashorn" type="simple" />
            <root url="jrt://C:/Program Files/Android/android-studio/jre!/jdk.scripting.nashorn.shell" type="simple" />
            <root url="jrt://C:/Program Files/Android/android-studio/jre!/jdk.sctp" type="simple" />
            <root url="jrt://C:/Program Files/Android/android-studio/jre!/jdk.security.auth" type="simple" />
            <root url="jrt://C:/Program Files/Android/android-studio/jre!/jdk.security.jgss" type="simple" />
            <root url="jrt://C:/Program Files/Android/android-studio/jre!/jdk.unsupported" type="simple" />
            <root url="jrt://C:/Program Files/Android/android-studio/jre!/jdk.xml.dom" type="simple" />
            <root url="jrt://C:/Program Files/Android/android-studio/jre!/jdk.zipfs" type="simple" />
          </root>
        </classPath>
        <javadocPath>
          <root type="composite" />
        </javadocPath>
        <sourcePath>
          <root type="composite" />
        </sourcePath>
      </roots>
      <additional />
    </jdk>
    <jdk version="2">
      <name value="1.8 (2)" />
      <type value="JavaSDK" />
      <version value="version 1.8.0_292" />
      <homePath value="C:\Users\Nemo\.jdks\corretto-1.8.0_292" />
      <roots>
        <annotationsPath>
          <root type="composite">
            <root url="jar://$APPLICATION_HOME_DIR$/plugins/java/lib/jdkAnnotations.jar!/" type="simple" />
          </root>
        </annotationsPath>
        <classPath>
          <root type="composite">
            <root url="jar://$USER_HOME$/.jdks/corretto-1.8.0_292/jre/lib/charsets.jar!/" type="simple" />
            <root url="jar://$USER_HOME$/.jdks/corretto-1.8.0_292/jre/lib/ext/access-bridge-64.jar!/" type="simple" />
            <root url="jar://$USER_HOME$/.jdks/corretto-1.8.0_292/jre/lib/ext/cldrdata.jar!/" type="simple" />
            <root url="jar://$USER_HOME$/.jdks/corretto-1.8.0_292/jre/lib/ext/dnsns.jar!/" type="simple" />
            <root url="jar://$USER_HOME$/.jdks/corretto-1.8.0_292/jre/lib/ext/jaccess.jar!/" type="simple" />
            <root url="jar://$USER_HOME$/.jdks/corretto-1.8.0_292/jre/lib/ext/jfxrt.jar!/" type="simple" />
            <root url="jar://$USER_HOME$/.jdks/corretto-1.8.0_292/jre/lib/ext/localedata.jar!/" type="simple" />
            <root url="jar://$USER_HOME$/.jdks/corretto-1.8.0_292/jre/lib/ext/nashorn.jar!/" type="simple" />
            <root url="jar://$USER_HOME$/.jdks/corretto-1.8.0_292/jre/lib/ext/sunec.jar!/" type="simple" />
            <root url="jar://$USER_HOME$/.jdks/corretto-1.8.0_292/jre/lib/ext/sunjce_provider.jar!/" type="simple" />
            <root url="jar://$USER_HOME$/.jdks/corretto-1.8.0_292/jre/lib/ext/sunmscapi.jar!/" type="simple" />
            <root url="jar://$USER_HOME$/.jdks/corretto-1.8.0_292/jre/lib/ext/sunpkcs11.jar!/" type="simple" />
            <root url="jar://$USER_HOME$/.jdks/corretto-1.8.0_292/jre/lib/ext/zipfs.jar!/" type="simple" />
            <root url="jar://$USER_HOME$/.jdks/corretto-1.8.0_292/jre/lib/jce.jar!/" type="simple" />
            <root url="jar://$USER_HOME$/.jdks/corretto-1.8.0_292/jre/lib/jfr.jar!/" type="simple" />
            <root url="jar://$USER_HOME$/.jdks/corretto-1.8.0_292/jre/lib/jfxswt.jar!/" type="simple" />
            <root url="jar://$USER_HOME$/.jdks/corretto-1.8.0_292/jre/lib/jsse.jar!/" type="simple" />
            <root url="jar://$USER_HOME$/.jdks/corretto-1.8.0_292/jre/lib/management-agent.jar!/" type="simple" />
            <root url="jar://$USER_HOME$/.jdks/corretto-1.8.0_292/jre/lib/resources.jar!/" type="simple" />
            <root url="jar://$USER_HOME$/.jdks/corretto-1.8.0_292/jre/lib/rt.jar!/" type="simple" />
          </root>
        </classPath>
        <javadocPath>
          <root type="composite" />
        </javadocPath>
        <sourcePath>
          <root type="composite">
            <root url="jar://$USER_HOME$/.jdks/corretto-1.8.0_292/src.zip!/" type="simple" />
            <root url="jar://$USER_HOME$/.jdks/corretto-1.8.0_292/javafx-src.zip!/" type="simple" />
          </root>
        </sourcePath>
      </roots>
      <additional />
    </jdk>
    <jdk version="2">
      <name value="11 (2)" />
      <type value="JavaSDK" />
      <version value="version 11.0.11" />
      <homePath value="C:\Program Files\Java\jdk-11.0.11" />
      <roots>
        <annotationsPath>
          <root type="composite">
            <root url="jar://$APPLICATION_HOME_DIR$/plugins/java/lib/jdkAnnotations.jar!/" type="simple" />
          </root>
        </annotationsPath>
        <classPath>
          <root type="composite">
            <root url="jrt://C:/Program Files/Java/jdk-11.0.11!/java.base" type="simple" />
            <root url="jrt://C:/Program Files/Java/jdk-11.0.11!/java.compiler" type="simple" />
            <root url="jrt://C:/Program Files/Java/jdk-11.0.11!/java.datatransfer" type="simple" />
            <root url="jrt://C:/Program Files/Java/jdk-11.0.11!/java.desktop" type="simple" />
            <root url="jrt://C:/Program Files/Java/jdk-11.0.11!/java.instrument" type="simple" />
            <root url="jrt://C:/Program Files/Java/jdk-11.0.11!/java.logging" type="simple" />
            <root url="jrt://C:/Program Files/Java/jdk-11.0.11!/java.management" type="simple" />
            <root url="jrt://C:/Program Files/Java/jdk-11.0.11!/java.management.rmi" type="simple" />
            <root url="jrt://C:/Program Files/Java/jdk-11.0.11!/java.naming" type="simple" />
            <root url="jrt://C:/Program Files/Java/jdk-11.0.11!/java.net.http" type="simple" />
            <root url="jrt://C:/Program Files/Java/jdk-11.0.11!/java.prefs" type="simple" />
            <root url="jrt://C:/Program Files/Java/jdk-11.0.11!/java.rmi" type="simple" />
            <root url="jrt://C:/Program Files/Java/jdk-11.0.11!/java.scripting" type="simple" />
            <root url="jrt://C:/Program Files/Java/jdk-11.0.11!/java.se" type="simple" />
            <root url="jrt://C:/Program Files/Java/jdk-11.0.11!/java.security.jgss" type="simple" />
            <root url="jrt://C:/Program Files/Java/jdk-11.0.11!/java.security.sasl" type="simple" />
            <root url="jrt://C:/Program Files/Java/jdk-11.0.11!/java.smartcardio" type="simple" />
            <root url="jrt://C:/Program Files/Java/jdk-11.0.11!/java.sql" type="simple" />
            <root url="jrt://C:/Program Files/Java/jdk-11.0.11!/java.sql.rowset" type="simple" />
            <root url="jrt://C:/Program Files/Java/jdk-11.0.11!/java.transaction.xa" type="simple" />
            <root url="jrt://C:/Program Files/Java/jdk-11.0.11!/java.xml" type="simple" />
            <root url="jrt://C:/Program Files/Java/jdk-11.0.11!/java.xml.crypto" type="simple" />
            <root url="jrt://C:/Program Files/Java/jdk-11.0.11!/jdk.accessibility" type="simple" />
            <root url="jrt://C:/Program Files/Java/jdk-11.0.11!/jdk.aot" type="simple" />
            <root url="jrt://C:/Program Files/Java/jdk-11.0.11!/jdk.attach" type="simple" />
            <root url="jrt://C:/Program Files/Java/jdk-11.0.11!/jdk.charsets" type="simple" />
            <root url="jrt://C:/Program Files/Java/jdk-11.0.11!/jdk.compiler" type="simple" />
            <root url="jrt://C:/Program Files/Java/jdk-11.0.11!/jdk.crypto.cryptoki" type="simple" />
            <root url="jrt://C:/Program Files/Java/jdk-11.0.11!/jdk.crypto.ec" type="simple" />
            <root url="jrt://C:/Program Files/Java/jdk-11.0.11!/jdk.crypto.mscapi" type="simple" />
            <root url="jrt://C:/Program Files/Java/jdk-11.0.11!/jdk.dynalink" type="simple" />
            <root url="jrt://C:/Program Files/Java/jdk-11.0.11!/jdk.editpad" type="simple" />
            <root url="jrt://C:/Program Files/Java/jdk-11.0.11!/jdk.hotspot.agent" type="simple" />
            <root url="jrt://C:/Program Files/Java/jdk-11.0.11!/jdk.httpserver" type="simple" />
            <root url="jrt://C:/Program Files/Java/jdk-11.0.11!/jdk.internal.ed" type="simple" />
            <root url="jrt://C:/Program Files/Java/jdk-11.0.11!/jdk.internal.jvmstat" type="simple" />
            <root url="jrt://C:/Program Files/Java/jdk-11.0.11!/jdk.internal.le" type="simple" />
            <root url="jrt://C:/Program Files/Java/jdk-11.0.11!/jdk.internal.opt" type="simple" />
            <root url="jrt://C:/Program Files/Java/jdk-11.0.11!/jdk.internal.vm.ci" type="simple" />
            <root url="jrt://C:/Program Files/Java/jdk-11.0.11!/jdk.internal.vm.compiler" type="simple" />
            <root url="jrt://C:/Program Files/Java/jdk-11.0.11!/jdk.internal.vm.compiler.management" type="simple" />
            <root url="jrt://C:/Program Files/Java/jdk-11.0.11!/jdk.jartool" type="simple" />
            <root url="jrt://C:/Program Files/Java/jdk-11.0.11!/jdk.javadoc" type="simple" />
            <root url="jrt://C:/Program Files/Java/jdk-11.0.11!/jdk.jcmd" type="simple" />
            <root url="jrt://C:/Program Files/Java/jdk-11.0.11!/jdk.jconsole" type="simple" />
            <root url="jrt://C:/Program Files/Java/jdk-11.0.11!/jdk.jdeps" type="simple" />
            <root url="jrt://C:/Program Files/Java/jdk-11.0.11!/jdk.jdi" type="simple" />
            <root url="jrt://C:/Program Files/Java/jdk-11.0.11!/jdk.jdwp.agent" type="simple" />
            <root url="jrt://C:/Program Files/Java/jdk-11.0.11!/jdk.jfr" type="simple" />
            <root url="jrt://C:/Program Files/Java/jdk-11.0.11!/jdk.jlink" type="simple" />
            <root url="jrt://C:/Program Files/Java/jdk-11.0.11!/jdk.jshell" type="simple" />
            <root url="jrt://C:/Program Files/Java/jdk-11.0.11!/jdk.jsobject" type="simple" />
            <root url="jrt://C:/Program Files/Java/jdk-11.0.11!/jdk.jstatd" type="simple" />
            <root url="jrt://C:/Program Files/Java/jdk-11.0.11!/jdk.localedata" type="simple" />
            <root url="jrt://C:/Program Files/Java/jdk-11.0.11!/jdk.management" type="simple" />
            <root url="jrt://C:/Program Files/Java/jdk-11.0.11!/jdk.management.agent" type="simple" />
            <root url="jrt://C:/Program Files/Java/jdk-11.0.11!/jdk.management.jfr" type="simple" />
            <root url="jrt://C:/Program Files/Java/jdk-11.0.11!/jdk.naming.dns" type="simple" />
            <root url="jrt://C:/Program Files/Java/jdk-11.0.11!/jdk.naming.ldap" type="simple" />
            <root url="jrt://C:/Program Files/Java/jdk-11.0.11!/jdk.naming.rmi" type="simple" />
            <root url="jrt://C:/Program Files/Java/jdk-11.0.11!/jdk.net" type="simple" />
            <root url="jrt://C:/Program Files/Java/jdk-11.0.11!/jdk.pack" type="simple" />
            <root url="jrt://C:/Program Files/Java/jdk-11.0.11!/jdk.rmic" type="simple" />
            <root url="jrt://C:/Program Files/Java/jdk-11.0.11!/jdk.scripting.nashorn" type="simple" />
            <root url="jrt://C:/Program Files/Java/jdk-11.0.11!/jdk.scripting.nashorn.shell" type="simple" />
            <root url="jrt://C:/Program Files/Java/jdk-11.0.11!/jdk.sctp" type="simple" />
            <root url="jrt://C:/Program Files/Java/jdk-11.0.11!/jdk.security.auth" type="simple" />
            <root url="jrt://C:/Program Files/Java/jdk-11.0.11!/jdk.security.jgss" type="simple" />
            <root url="jrt://C:/Program Files/Java/jdk-11.0.11!/jdk.unsupported" type="simple" />
            <root url="jrt://C:/Program Files/Java/jdk-11.0.11!/jdk.unsupported.desktop" type="simple" />
            <root url="jrt://C:/Program Files/Java/jdk-11.0.11!/jdk.xml.dom" type="simple" />
            <root url="jrt://C:/Program Files/Java/jdk-11.0.11!/jdk.zipfs" type="simple" />
          </root>
        </classPath>
        <javadocPath>
          <root type="composite" />
        </javadocPath>
        <sourcePath>
          <root type="composite">
            <root url="jar://C:/Program Files/Java/jdk-11.0.11/lib/src.zip!/java.se" type="simple" />
            <root url="jar://C:/Program Files/Java/jdk-11.0.11/lib/src.zip!/jdk.aot" type="simple" />
            <root url="jar://C:/Program Files/Java/jdk-11.0.11/lib/src.zip!/jdk.jdi" type="simple" />
            <root url="jar://C:/Program Files/Java/jdk-11.0.11/lib/src.zip!/jdk.jfr" type="simple" />
            <root url="jar://C:/Program Files/Java/jdk-11.0.11/lib/src.zip!/jdk.net" type="simple" />
            <root url="jar://C:/Program Files/Java/jdk-11.0.11/lib/src.zip!/java.rmi" type="simple" />
            <root url="jar://C:/Program Files/Java/jdk-11.0.11/lib/src.zip!/java.sql" type="simple" />
            <root url="jar://C:/Program Files/Java/jdk-11.0.11/lib/src.zip!/java.xml" type="simple" />
            <root url="jar://C:/Program Files/Java/jdk-11.0.11/lib/src.zip!/jdk.jcmd" type="simple" />
            <root url="jar://C:/Program Files/Java/jdk-11.0.11/lib/src.zip!/jdk.pack" type="simple" />
            <root url="jar://C:/Program Files/Java/jdk-11.0.11/lib/src.zip!/jdk.rmic" type="simple" />
            <root url="jar://C:/Program Files/Java/jdk-11.0.11/lib/src.zip!/jdk.sctp" type="simple" />
            <root url="jar://C:/Program Files/Java/jdk-11.0.11/lib/src.zip!/java.base" type="simple" />
            <root url="jar://C:/Program Files/Java/jdk-11.0.11/lib/src.zip!/jdk.jdeps" type="simple" />
            <root url="jar://C:/Program Files/Java/jdk-11.0.11/lib/src.zip!/jdk.jlink" type="simple" />
            <root url="jar://C:/Program Files/Java/jdk-11.0.11/lib/src.zip!/jdk.zipfs" type="simple" />
            <root url="jar://C:/Program Files/Java/jdk-11.0.11/lib/src.zip!/java.prefs" type="simple" />
            <root url="jar://C:/Program Files/Java/jdk-11.0.11/lib/src.zip!/jdk.attach" type="simple" />
            <root url="jar://C:/Program Files/Java/jdk-11.0.11/lib/src.zip!/jdk.jshell" type="simple" />
            <root url="jar://C:/Program Files/Java/jdk-11.0.11/lib/src.zip!/jdk.jstatd" type="simple" />
            <root url="jar://C:/Program Files/Java/jdk-11.0.11/lib/src.zip!/java.naming" type="simple" />
            <root url="jar://C:/Program Files/Java/jdk-11.0.11/lib/src.zip!/jdk.editpad" type="simple" />
            <root url="jar://C:/Program Files/Java/jdk-11.0.11/lib/src.zip!/jdk.jartool" type="simple" />
            <root url="jar://C:/Program Files/Java/jdk-11.0.11/lib/src.zip!/jdk.javadoc" type="simple" />
            <root url="jar://C:/Program Files/Java/jdk-11.0.11/lib/src.zip!/jdk.xml.dom" type="simple" />
            <root url="jar://C:/Program Files/Java/jdk-11.0.11/lib/src.zip!/java.desktop" type="simple" />
            <root url="jar://C:/Program Files/Java/jdk-11.0.11/lib/src.zip!/java.logging" type="simple" />
            <root url="jar://C:/Program Files/Java/jdk-11.0.11/lib/src.zip!/jdk.charsets" type="simple" />
            <root url="jar://C:/Program Files/Java/jdk-11.0.11/lib/src.zip!/jdk.compiler" type="simple" />
            <root url="jar://C:/Program Files/Java/jdk-11.0.11/lib/src.zip!/jdk.dynalink" type="simple" />
            <root url="jar://C:/Program Files/Java/jdk-11.0.11/lib/src.zip!/jdk.jconsole" type="simple" />
            <root url="jar://C:/Program Files/Java/jdk-11.0.11/lib/src.zip!/jdk.jsobject" type="simple" />
            <root url="jar://C:/Program Files/Java/jdk-11.0.11/lib/src.zip!/java.compiler" type="simple" />
            <root url="jar://C:/Program Files/Java/jdk-11.0.11/lib/src.zip!/java.net.http" type="simple" />
            <root url="jar://C:/Program Files/Java/jdk-11.0.11/lib/src.zip!/jdk.crypto.ec" type="simple" />
            <root url="jar://C:/Program Files/Java/jdk-11.0.11/lib/src.zip!/java.scripting" type="simple" />
            <root url="jar://C:/Program Files/Java/jdk-11.0.11/lib/src.zip!/jdk.httpserver" type="simple" />
            <root url="jar://C:/Program Files/Java/jdk-11.0.11/lib/src.zip!/jdk.jdwp.agent" type="simple" />
            <root url="jar://C:/Program Files/Java/jdk-11.0.11/lib/src.zip!/jdk.localedata" type="simple" />
            <root url="jar://C:/Program Files/Java/jdk-11.0.11/lib/src.zip!/jdk.management" type="simple" />
            <root url="jar://C:/Program Files/Java/jdk-11.0.11/lib/src.zip!/jdk.naming.dns" type="simple" />
            <root url="jar://C:/Program Files/Java/jdk-11.0.11/lib/src.zip!/jdk.naming.rmi" type="simple" />
            <root url="jar://C:/Program Files/Java/jdk-11.0.11/lib/src.zip!/java.instrument" type="simple" />
            <root url="jar://C:/Program Files/Java/jdk-11.0.11/lib/src.zip!/java.management" type="simple" />
            <root url="jar://C:/Program Files/Java/jdk-11.0.11/lib/src.zip!/java.sql.rowset" type="simple" />
            <root url="jar://C:/Program Files/Java/jdk-11.0.11/lib/src.zip!/java.xml.crypto" type="simple" />
            <root url="jar://C:/Program Files/Java/jdk-11.0.11/lib/src.zip!/jdk.internal.ed" type="simple" />
            <root url="jar://C:/Program Files/Java/jdk-11.0.11/lib/src.zip!/jdk.internal.le" type="simple" />
            <root url="jar://C:/Program Files/Java/jdk-11.0.11/lib/src.zip!/jdk.naming.ldap" type="simple" />
            <root url="jar://C:/Program Files/Java/jdk-11.0.11/lib/src.zip!/jdk.unsupported" type="simple" />
            <root url="jar://C:/Program Files/Java/jdk-11.0.11/lib/src.zip!/java.smartcardio" type="simple" />
            <root url="jar://C:/Program Files/Java/jdk-11.0.11/lib/src.zip!/jdk.internal.opt" type="simple" />
            <root url="jar://C:/Program Files/Java/jdk-11.0.11/lib/src.zip!/java.datatransfer" type="simple" />
            <root url="jar://C:/Program Files/Java/jdk-11.0.11/lib/src.zip!/jdk.accessibility" type="simple" />
            <root url="jar://C:/Program Files/Java/jdk-11.0.11/lib/src.zip!/jdk.crypto.mscapi" type="simple" />
            <root url="jar://C:/Program Files/Java/jdk-11.0.11/lib/src.zip!/jdk.hotspot.agent" type="simple" />
            <root url="jar://C:/Program Files/Java/jdk-11.0.11/lib/src.zip!/jdk.security.auth" type="simple" />
            <root url="jar://C:/Program Files/Java/jdk-11.0.11/lib/src.zip!/jdk.security.jgss" type="simple" />
            <root url="jar://C:/Program Files/Java/jdk-11.0.11/lib/src.zip!/java.security.jgss" type="simple" />
            <root url="jar://C:/Program Files/Java/jdk-11.0.11/lib/src.zip!/java.security.sasl" type="simple" />
            <root url="jar://C:/Program Files/Java/jdk-11.0.11/lib/src.zip!/jdk.internal.vm.ci" type="simple" />
            <root url="jar://C:/Program Files/Java/jdk-11.0.11/lib/src.zip!/jdk.management.jfr" type="simple" />
            <root url="jar://C:/Program Files/Java/jdk-11.0.11/lib/src.zip!/java.management.rmi" type="simple" />
            <root url="jar://C:/Program Files/Java/jdk-11.0.11/lib/src.zip!/java.transaction.xa" type="simple" />
            <root url="jar://C:/Program Files/Java/jdk-11.0.11/lib/src.zip!/jdk.crypto.cryptoki" type="simple" />
            <root url="jar://C:/Program Files/Java/jdk-11.0.11/lib/src.zip!/jdk.internal.jvmstat" type="simple" />
            <root url="jar://C:/Program Files/Java/jdk-11.0.11/lib/src.zip!/jdk.management.agent" type="simple" />
            <root url="jar://C:/Program Files/Java/jdk-11.0.11/lib/src.zip!/jdk.scripting.nashorn" type="simple" />
            <root url="jar://C:/Program Files/Java/jdk-11.0.11/lib/src.zip!/jdk.unsupported.desktop" type="simple" />
            <root url="jar://C:/Program Files/Java/jdk-11.0.11/lib/src.zip!/jdk.internal.vm.compiler" type="simple" />
            <root url="jar://C:/Program Files/Java/jdk-11.0.11/lib/src.zip!/jdk.scripting.nashorn.shell" type="simple" />
            <root url="jar://C:/Program Files/Java/jdk-11.0.11/lib/src.zip!/jdk.internal.vm.compiler.management" type="simple" />
          </root>
        </sourcePath>
      </roots>
      <additional />
    </jdk>
  </component>
</application>