<application>
  <component name="GitRememberedInputs">
    <option name="visitedUrls">
      <list>
        <UrlAndUserName>
          <option name="url" value="http://github.com" />
          <option name="userName" value="chinese-developer" />
        </UrlAndUserName>
        <UrlAndUserName>
          <option name="url" value="http://203.60.2.120:9900" />
          <option name="userName" value="nemo" />
        </UrlAndUserName>
        <UrlAndUserName>
          <option name="url" value="http://git.easydevops.net/B2C_APP/Android/QYSport.git" />
          <option name="userName" value="" />
        </UrlAndUserName>
        <UrlAndUserName>
          <option name="url" value="http://git.easydevops.net" />
          <option name="userName" value="nemo" />
        </UrlAndUserName>
      </list>
    </option>
    <option name="cloneParentDir" value="C:\Users\Nemo\AndroidStudioProjects" />
  </component>
  <component name="Vcs.Log.App.Settings">
    <option name="COLUMN_ORDER">
      <list>
        <option value="0" />
        <option value="1" />
        <option value="2" />
        <option value="3" />
      </list>
    </option>
  </component>
</application>